id,translation
p1-za-1,样本p1-za-1的汉语翻译结果
p1-za-2,样本p1-za-2的汉语翻译结果
p1-za-3,样本p1-za-3的汉语翻译结果
p1-za-4,样本p1-za-4的汉语翻译结果
p1-za-5,样本p1-za-5的汉语翻译结果
p1-za-6,样本p1-za-6的汉语翻译结果
p1-za-7,样本p1-za-7的汉语翻译结果
p1-za-8,样本p1-za-8的汉语翻译结果
p1-za-9,样本p1-za-9的汉语翻译结果
p1-za-10,样本p1-za-10的汉语翻译结果
p1-za-11,样本p1-za-11的汉语翻译结果
p1-za-12,样本p1-za-12的汉语翻译结果
p1-za-13,样本p1-za-13的汉语翻译结果
p1-za-14,样本p1-za-14的汉语翻译结果
p1-za-16,样本p1-za-16的汉语翻译结果
p1-za-17,样本p1-za-17的汉语翻译结果
p2-za-1,样本p2-za-1的汉语翻译结果
p2-za-2,样本p2-za-2的汉语翻译结果
p2-za-3,样本p2-za-3的汉语翻译结果
p2-za-4,样本p2-za-4的汉语翻译结果
p2-za-5,样本p2-za-5的汉语翻译结果
p2-za-6,样本p2-za-6的汉语翻译结果
p2-za-7,样本p2-za-7的汉语翻译结果
p2-za-8,样本p2-za-8的汉语翻译结果
p2-za-9,样本p2-za-9的汉语翻译结果
p2-za-10,样本p2-za-10的汉语翻译结果
p2-za-11,样本p2-za-11的汉语翻译结果
p2-za-12,样本p2-za-12的汉语翻译结果
p2-za-13,样本p2-za-13的汉语翻译结果
p2-za-14,样本p2-za-14的汉语翻译结果
p2-za-15,样本p2-za-15的汉语翻译结果
p2-za-16,样本p2-za-16的汉语翻译结果
p2-za-17,样本p2-za-17的汉语翻译结果
p2-za-18,样本p2-za-18的汉语翻译结果
p2-za-19,样本p2-za-19的汉语翻译结果
p2-za-20,样本p2-za-20的汉语翻译结果
p2-za-21,样本p2-za-21的汉语翻译结果
p2-za-22,样本p2-za-22的汉语翻译结果
p2-za-23,样本p2-za-23的汉语翻译结果
p3-za-1,样本p3-za-1的汉语翻译结果
p3-za-2,样本p3-za-2的汉语翻译结果
p3-za-3,样本p3-za-3的汉语翻译结果
p3-za-4,样本p3-za-4的汉语翻译结果
p3-za-5,样本p3-za-5的汉语翻译结果
p3-za-6,样本p3-za-6的汉语翻译结果
p3-za-7,样本p3-za-7的汉语翻译结果
p3-za-8,样本p3-za-8的汉语翻译结果
p3-za-9,样本p3-za-9的汉语翻译结果
p3-za-10,样本p3-za-10的汉语翻译结果
p3-za-11,样本p3-za-11的汉语翻译结果
p3-za-12,样本p3-za-12的汉语翻译结果
p3-za-13,样本p3-za-13的汉语翻译结果
p3-za-14,样本p3-za-14的汉语翻译结果
p3-za-15,样本p3-za-15的汉语翻译结果
p3-za-16,样本p3-za-16的汉语翻译结果
p3-za-17,样本p3-za-17的汉语翻译结果
p3-za-18,样本p3-za-18的汉语翻译结果
p3-za-19,样本p3-za-19的汉语翻译结果
p3-za-20,样本p3-za-20的汉语翻译结果
p3-za-21,样本p3-za-21的汉语翻译结果
p3-za-22,样本p3-za-22的汉语翻译结果
p3-za-23,样本p3-za-23的汉语翻译结果
p4-za-1,样本p4-za-1的汉语翻译结果
p4-za-2,样本p4-za-2的汉语翻译结果
p4-za-3,样本p4-za-3的汉语翻译结果
p4-za-4,样本p4-za-4的汉语翻译结果
p4-za-5,样本p4-za-5的汉语翻译结果
p4-za-6,样本p4-za-6的汉语翻译结果
p4-za-7,样本p4-za-7的汉语翻译结果
p4-za-8,样本p4-za-8的汉语翻译结果
p4-za-9,样本p4-za-9的汉语翻译结果
p4-za-10,样本p4-za-10的汉语翻译结果
p4-za-11,样本p4-za-11的汉语翻译结果
p4-za-12,样本p4-za-12的汉语翻译结果
p4-za-13,样本p4-za-13的汉语翻译结果
p4-za-14,样本p4-za-14的汉语翻译结果
p4-za-15,样本p4-za-15的汉语翻译结果
p4-za-16,样本p4-za-16的汉语翻译结果
p4-za-17,样本p4-za-17的汉语翻译结果
p4-za-18,样本p4-za-18的汉语翻译结果
p4-za-19,样本p4-za-19的汉语翻译结果
p4-za-20,样本p4-za-20的汉语翻译结果
p4-za-21,样本p4-za-21的汉语翻译结果
p4-za-22,样本p4-za-22的汉语翻译结果
p4-za-23,样本p4-za-23的汉语翻译结果
p4-za-24,样本p4-za-24的汉语翻译结果
p4-za-25,样本p4-za-25的汉语翻译结果
p4-za-26,样本p4-za-26的汉语翻译结果
p4-za-27,样本p4-za-27的汉语翻译结果
p4-za-28,样本p4-za-28的汉语翻译结果
p4-za-29,样本p4-za-29的汉语翻译结果
p4-za-30,样本p4-za-30的汉语翻译结果
p4-za-31,样本p4-za-31的汉语翻译结果
p4-za-32,样本p4-za-32的汉语翻译结果
p4-za-33,样本p4-za-33的汉语翻译结果
p4-za-34,样本p4-za-34的汉语翻译结果
p4-za-35,样本p4-za-35的汉语翻译结果
p5-za-1,样本p5-za-1的汉语翻译结果
p5-za-2,样本p5-za-2的汉语翻译结果
p5-za-3,样本p5-za-3的汉语翻译结果
p5-za-4,样本p5-za-4的汉语翻译结果
p5-za-5,样本p5-za-5的汉语翻译结果
p5-za-6,样本p5-za-6的汉语翻译结果
p5-za-7,样本p5-za-7的汉语翻译结果
p5-za-8,样本p5-za-8的汉语翻译结果
p5-za-9,样本p5-za-9的汉语翻译结果
p5-za-10,样本p5-za-10的汉语翻译结果
p5-za-11,样本p5-za-11的汉语翻译结果
p5-za-12,样本p5-za-12的汉语翻译结果
p5-za-13,样本p5-za-13的汉语翻译结果
p5-za-14,样本p5-za-14的汉语翻译结果
p5-za-15,样本p5-za-15的汉语翻译结果
p5-za-16,样本p5-za-16的汉语翻译结果
p5-za-17,样本p5-za-17的汉语翻译结果
p5-za-18,样本p5-za-18的汉语翻译结果
p5-za-19,样本p5-za-19的汉语翻译结果
p5-za-20,样本p5-za-20的汉语翻译结果
p5-za-21,样本p5-za-21的汉语翻译结果
p5-za-22,样本p5-za-22的汉语翻译结果
p5-za-23,样本p5-za-23的汉语翻译结果
p5-za-24,样本p5-za-24的汉语翻译结果
p5-za-25,样本p5-za-25的汉语翻译结果
p5-za-26,样本p5-za-26的汉语翻译结果
p5-za-27,样本p5-za-27的汉语翻译结果
p5-za-28,样本p5-za-28的汉语翻译结果
p5-za-29,样本p5-za-29的汉语翻译结果
p5-za-30,样本p5-za-30的汉语翻译结果
p5-za-31,样本p5-za-31的汉语翻译结果
p5-za-32,样本p5-za-32的汉语翻译结果
p5-za-33,样本p5-za-33的汉语翻译结果
p5-za-34,样本p5-za-34的汉语翻译结果
p5-za-35,样本p5-za-35的汉语翻译结果
p5-za-36,样本p5-za-36的汉语翻译结果
p5-za-37,样本p5-za-37的汉语翻译结果
p5-za-38,样本p5-za-38的汉语翻译结果
p6-za-1,样本p6-za-1的汉语翻译结果
p6-za-2,样本p6-za-2的汉语翻译结果
p6-za-3,样本p6-za-3的汉语翻译结果
p6-za-4,样本p6-za-4的汉语翻译结果
p6-za-5,样本p6-za-5的汉语翻译结果
p6-za-6,样本p6-za-6的汉语翻译结果
p6-za-7,样本p6-za-7的汉语翻译结果
p6-za-8,样本p6-za-8的汉语翻译结果
p6-za-9,样本p6-za-9的汉语翻译结果
p6-za-10,样本p6-za-10的汉语翻译结果
p6-za-11,样本p6-za-11的汉语翻译结果
p6-za-12,样本p6-za-12的汉语翻译结果
p6-za-13,样本p6-za-13的汉语翻译结果
p6-za-14,样本p6-za-14的汉语翻译结果
p6-za-15,样本p6-za-15的汉语翻译结果
p6-za-16,样本p6-za-16的汉语翻译结果
p6-za-17,样本p6-za-17的汉语翻译结果
p6-za-18,样本p6-za-18的汉语翻译结果
p6-za-19,样本p6-za-19的汉语翻译结果
p6-za-20,样本p6-za-20的汉语翻译结果
p6-za-21,样本p6-za-21的汉语翻译结果
p6-za-22,样本p6-za-22的汉语翻译结果
p6-za-23,样本p6-za-23的汉语翻译结果
p6-za-24,样本p6-za-24的汉语翻译结果
p6-za-25,样本p6-za-25的汉语翻译结果
p6-za-27,样本p6-za-27的汉语翻译结果
p6-za-28,样本p6-za-28的汉语翻译结果
p6-za-29,样本p6-za-29的汉语翻译结果
p6-za-30,样本p6-za-30的汉语翻译结果
p6-za-31,样本p6-za-31的汉语翻译结果
p6-za-32,样本p6-za-32的汉语翻译结果
p6-za-33,样本p6-za-33的汉语翻译结果
p6-za-34,样本p6-za-34的汉语翻译结果
p6-za-35,样本p6-za-35的汉语翻译结果
p6-za-36,样本p6-za-36的汉语翻译结果
p6-za-37,样本p6-za-37的汉语翻译结果
p6-za-38,样本p6-za-38的汉语翻译结果
p6-za-39,样本p6-za-39的汉语翻译结果
p6-za-40,样本p6-za-40的汉语翻译结果
p6-za-41,样本p6-za-41的汉语翻译结果
p10-za-1,样本p10-za-1的汉语翻译结果
p10-za-2,样本p10-za-2的汉语翻译结果
p10-za-3,样本p10-za-3的汉语翻译结果
p10-za-4,样本p10-za-4的汉语翻译结果
p10-za-5,样本p10-za-5的汉语翻译结果
p10-za-6,样本p10-za-6的汉语翻译结果
p10-za-7,样本p10-za-7的汉语翻译结果
p10-za-8,样本p10-za-8的汉语翻译结果
p10-za-9,样本p10-za-9的汉语翻译结果
p10-za-10,样本p10-za-10的汉语翻译结果
p10-za-11,样本p10-za-11的汉语翻译结果
p10-za-12,样本p10-za-12的汉语翻译结果
p10-za-13,样本p10-za-13的汉语翻译结果
p10-za-14,样本p10-za-14的汉语翻译结果
p10-za-15,样本p10-za-15的汉语翻译结果
p10-za-16,样本p10-za-16的汉语翻译结果
p10-za-17,样本p10-za-17的汉语翻译结果
p10-za-18,样本p10-za-18的汉语翻译结果
p10-za-19,样本p10-za-19的汉语翻译结果
p10-za-20,样本p10-za-20的汉语翻译结果
p10-za-21,样本p10-za-21的汉语翻译结果
p10-za-22,样本p10-za-22的汉语翻译结果
p10-za-23,样本p10-za-23的汉语翻译结果
c25-za-1,样本c25-za-1的汉语翻译结果
c25-za-2,样本c25-za-2的汉语翻译结果
c25-za-3,样本c25-za-3的汉语翻译结果
c25-za-4,样本c25-za-4的汉语翻译结果
c25-za-5,样本c25-za-5的汉语翻译结果
c25-za-6,样本c25-za-6的汉语翻译结果
c25-za-7,样本c25-za-7的汉语翻译结果
c25-za-8,样本c25-za-8的汉语翻译结果
c25-za-9,样本c25-za-9的汉语翻译结果
c25-za-10,样本c25-za-10的汉语翻译结果
c25-za-11,样本c25-za-11的汉语翻译结果
c25-za-12,样本c25-za-12的汉语翻译结果
c25-za-13,样本c25-za-13的汉语翻译结果
c25-za-14,样本c25-za-14的汉语翻译结果
c25-za-15,样本c25-za-15的汉语翻译结果
c25-za-16,样本c25-za-16的汉语翻译结果
c25-za-17,样本c25-za-17的汉语翻译结果
c25-za-18,样本c25-za-18的汉语翻译结果
c25-za-19,样本c25-za-19的汉语翻译结果
c25-za-20,样本c25-za-20的汉语翻译结果
c25-za-21,样本c25-za-21的汉语翻译结果
c25-za-22,样本c25-za-22的汉语翻译结果
c25-za-23,样本c25-za-23的汉语翻译结果
c25-za-24,样本c25-za-24的汉语翻译结果
c25-za-25,样本c25-za-25的汉语翻译结果
c25-za-26,样本c25-za-26的汉语翻译结果
c25-za-27,样本c25-za-27的汉语翻译结果
c25-za-28,样本c25-za-28的汉语翻译结果
c25-za-29,样本c25-za-29的汉语翻译结果
c25-za-30,样本c25-za-30的汉语翻译结果
c28-za-1,样本c28-za-1的汉语翻译结果
c28-za-2,样本c28-za-2的汉语翻译结果
c28-za-3,样本c28-za-3的汉语翻译结果
c28-za-4,样本c28-za-4的汉语翻译结果
c28-za-5,样本c28-za-5的汉语翻译结果
c28-za-6,样本c28-za-6的汉语翻译结果
c28-za-7,样本c28-za-7的汉语翻译结果
c28-za-8,样本c28-za-8的汉语翻译结果
c28-za-9,样本c28-za-9的汉语翻译结果
c28-za-10,样本c28-za-10的汉语翻译结果
c28-za-11,样本c28-za-11的汉语翻译结果
c28-za-12,样本c28-za-12的汉语翻译结果
c28-za-13,样本c28-za-13的汉语翻译结果
c28-za-14,样本c28-za-14的汉语翻译结果
c28-za-15,样本c28-za-15的汉语翻译结果
c28-za-16,样本c28-za-16的汉语翻译结果
c28-za-17,样本c28-za-17的汉语翻译结果
c28-za-18,样本c28-za-18的汉语翻译结果
c28-za-19,样本c28-za-19的汉语翻译结果
c28-za-20,样本c28-za-20的汉语翻译结果
c28-za-21,样本c28-za-21的汉语翻译结果
c28-za-22,样本c28-za-22的汉语翻译结果
c28-za-23,样本c28-za-23的汉语翻译结果
c28-za-24,样本c28-za-24的汉语翻译结果
c28-za-25,样本c28-za-25的汉语翻译结果
